loss,val_loss
0.28861886870244124,0.34154010967931886
