loss,val_loss
0.4041058017064888,0.6278337383615797
