image #,Prediction v. GT mSSIM,Input v. GT mSSIM,Prediction v. GT NRMSE,Input v. GT NRMSE
spots_5.tif,0.9014687757321465,0.7791049646714858,0.1978809032696361,0.2178935351629571
spots_3.tif,0.9537130237555403,0.9101315221532655,0.2000857943346546,0.23195128839482565
spots_4.tif,0.9531768999592645,0.9108923714607751,0.20053782363441053,0.2320777608220459
