loss,val_loss
0.7447448818726528,0.7271929979324341
0.39792921242799734,0.6335235238075256
0.304386456092403,0.8533071279525757
0.27524774393263085,0.41458520466505094
