loss,val_loss
1.1983695250856845,0.5103721022605896
0.5580639666027766,0.5914255602415218
0.40530844802721605,0.4898433983325958
0.33740944957365415,0.387943297624588
