loss,val_loss
1.081379210427978,1.9367609730986661
0.5072813927361163,0.7996825575828552
0.397395041424082,0.7667370119760203
0.34036324669278983,0.8525839447975159
