loss,val_loss
0.6205002498833629,2.0810108634008877
0.2556914678247593,0.3032098292440608
