loss,val_loss
0.6099285328361391,0.6424117437307385
